TP.HCM, GMT+7, Hôm nay, 25oC - 31oC, Có mây, ngày có mưa rào và dông, 2023-10-28
Đà Nẵng, GMT+7, Hôm nay, 25oC - 32oC, Có mây, ngày không mưa, 2023-10-28
Nha Trang, GMT+7, Hôm nay, 25oC - 32oC, Có mây, ngày không mưa, 2023-10-28
Hải Phòng, GMT+7, Hôm nay, 24oC - 29oC, Nhiều mây, không mưa, 2023-10-28
Vinh, GMT+7, Hôm nay, 24oC - 30oC, Có mây, ngày có mưa rào và dông, 2023-10-28
Sơn La, GMT+7, Hôm nay, 20oC - 27oC, Có mây, ngày có mưa rào và dông, 2023-10-28
Việt Trì, GMT+7, Hôm nay, 25oC - 29oC, Có mây, ngày không mưa, 2023-10-28
Bắc cạn, GMT+7, Hôm nay, 23oC - 27oC, Nhiều mây, không mưa, 2023-10-28
Bắc Giang, GMT+7, Hôm nay, 24oC - 30oC, Có mây, ngày không mưa, 2023-10-28
Bắc Ninh, GMT+7, Hôm nay, 24oC - 30oC, Có mây, ngày không mưa, 2023-10-28
Bình Định, GMT+7, Hôm nay, 25oC - 33oC, Có mây, ngày không mưa, 2023-10-28
Bình Phước, GMT+7, Hôm nay, 23oC - 32oC, Có mây, ngày có mưa rào và dông, 2023-10-28
Cao Bằng, GMT+7, Hôm nay, 22oC - 27oC, Nhiều mây, không mưa, 2023-10-28
Đà Lạt, GMT+7, Hôm nay, 16oC - 26oC, Có mây, ngày có mưa rào và dông, 2023-10-28
Đắk Lắk, GMT+7, Hôm nay, 21oC - 30oC, Có mây, ngày có mưa rào và dông, 2023-10-28
Đắk Nông, GMT+7, Hôm nay, 19oC - 33oC, Có mây, ngày có mưa rào và dông, 2023-10-28
Điện Biên, GMT+7, Hôm nay, 22oC - 31oC, Có mây, ngày có mưa rào và dông, 2023-10-28
Đồng Nai, GMT+7, Hôm nay, 25oC - 33oC, Có mây, ngày có mưa rào và dông, 2023-10-28
Đồng Tháp, GMT+7, Hôm nay, 23oC - 32oC, Có mây, ngày có mưa rào và dông, 2023-10-28
Hà Giang, GMT+7, Hôm nay, 23oC - 28oC, Có mây, ngày có mưa rào và dông, 2023-10-28
Hà Tĩnh, GMT+7, Hôm nay, 24oC - 29oC, Có mây, ngày không mưa, 2023-10-28
Hải Dương, GMT+7, Hôm nay, 24oC - 30oC, Có mây, ngày không mưa, 2023-10-28
Hậu Giang, GMT+7, Hôm nay, 24oC - 32oC, Có mây, ngày có mưa rào và dông, 2023-10-28
Hòa Bình, GMT+7, Hôm nay, 23oC - 30oC, Có mây, ngày có mưa rào và dông, 2023-10-28
Hưng Yên, GMT+7, Hôm nay, 25oC - 30oC, Có mây, ngày không mưa, 2023-10-28
Kiên Giang, GMT+7, Hôm nay, 26oC - 33oC, Có mây, ngày có mưa rào và dông, 2023-10-28
Kon Tum, GMT+7, Hôm nay, 22oC - 32oC, Có mây, ngày không mưa, 2023-10-28
Lai Châu, GMT+7, Hôm nay, 17oC - 25oC, Có mây, ngày có mưa rào và dông, 2023-10-28
Lạng Sơn, GMT+7, Hôm nay, 23oC - 27oC, Nhiều mây, không mưa, 2023-10-28
Lào Cai, GMT+7, Hôm nay, 23oC - 29oC, Có mây, ngày không mưa, 2023-10-28
Long An, GMT+7, Hôm nay, 24oC - 32oC, Có mây, ngày có mưa rào và dông, 2023-10-28
Nam Định, GMT+7, Hôm nay, 25oC - 30oC, Có mây, ngày có mưa rào và dông, 2023-10-28
Ninh Bình, GMT+7, Hôm nay, 25oC - 30oC, Có mây, ngày có mưa rào và dông, 2023-10-28
Ninh Thuận, GMT+7, Hôm nay, 25oC - 33oC, Có mây, ngày không mưa, 2023-10-28
Phủ Lý, GMT+7, Hôm nay, 24oC - 30oC, Có mây, ngày có mưa rào và dông, 2023-10-28
Phú Yên, GMT+7, Hôm nay, 26oC - 33oC, Có mây, ngày không mưa, 2023-10-28
Quảng Bình, GMT+7, Hôm nay, 24oC - 30oC, Có mây, ngày không mưa, 2023-10-28
Quảng Nam, GMT+7, Hôm nay, 25oC - 31oC, Có mây, ngày không mưa, 2023-10-28
Quảng Ngãi, GMT+7, Hôm nay, 25oC - 33oC, Có mây, ngày không mưa, 2023-10-28
Quảng Ninh, GMT+7, Hôm nay, 24oC - 29oC, Nhiều mây, không mưa, 2023-10-28
Quảng Trị, GMT+7, Hôm nay, 25oC - 30oC, Có mây, ngày không mưa, 2023-10-28
Sóc Trăng, GMT+7, Hôm nay, 24oC - 33oC, Có mây, ngày có mưa rào và dông, 2023-10-28
Tây Ninh, GMT+7, Hôm nay, 25oC - 32oC, Có mây, ngày có mưa rào và dông, 2023-10-28
Thái Bình, GMT+7, Hôm nay, 24oC - 29oC, Có mây, ngày có mưa rào và dông, 2023-10-28
Thái Nguyên, GMT+7, Hôm nay, 24oC - 29oC, Có mây, ngày không mưa, 2023-10-28
Thanh Hóa, GMT+7, Hôm nay, 25oC - 30oC, Có mây, ngày có mưa rào và dông, 2023-10-28
Huế, GMT+7, Hôm nay, 24oC - 31oC, Có mây, ngày không mưa, 2023-10-28
Tiền Giang, GMT+7, Hôm nay, 24oC - 30oC, Có mây, ngày có mưa rào và dông, 2023-10-28
Tuyên Quang, GMT+7, Hôm nay, 22oC - 30oC, Có mây, ngày không mưa, 2023-10-28
Vĩnh Long, GMT+7, Hôm nay, 24oC - 33oC, Có mây, ngày có mưa rào và dông, 2023-10-28
Vĩnh Phúc, GMT+7, Hôm nay, 25oC - 29oC, Có mây, ngày không mưa, 2023-10-28
Vũng Tàu, GMT+7, Hôm nay, 26oC - 31oC, Có mây, ngày có mưa rào và dông, 2023-10-28
Yên Bái, GMT+7, Hôm nay, 23oC - 30oC, Có mây, ngày không mưa, 2023-10-28
Cần Thơ, GMT+7, Hôm nay, 24oC - 33oC, Có mây, ngày có mưa rào và dông, 2023-10-28
Pleicu, GMT+7, Hôm nay, 21oC - 29oC, Có mây, ngày không mưa, 2023-10-28
An Giang, GMT+7, Hôm nay, 25oC - 33oC, Có mây, ngày có mưa rào và dông, 2023-10-28
Bạc Liêu, GMT+7, Hôm nay, 25oC - 32oC, Có mây, ngày có mưa rào và dông, 2023-10-28
Bến Tre, GMT+7, Hôm nay, 24oC - 33oC, Có mây, ngày có mưa rào và dông, 2023-10-28
Cà Mau, GMT+7, Hôm nay, 24oC - 32oC, Có mây, ngày có mưa rào và dông, 2023-10-28
